aarete, https://www.aarete.com/
consultarc, https://www.consultarc.com/
abeam, https://www.abeam.com/
accenture, https://www.accenture.com/
acquisconsulting, https://www.acquisconsulting.com/
aeqglobal, https://www.aeqglobal.com/
alacrita, https://www.alacrita.com/
alixpartner, https://www.alixpartners.com/
altiusdata, https://www.altiusdata.com/
Altman Vilandrie, http://www.altvil.com
altumconsulting, https://www.altumconsulting.co.uk/
alvarezandmarsal, https://www.alvarezandmarsal.com/
amaris, https://www.amaris.com/
analysisgroup, https://www.analysisgroup.com/
ananyaaconsultingltd, https://ananyaaconsultingltd.com/
ankura, https://ankura.com/
appliedvaluegroup, https://www.appliedvaluegroup.com/
appsbroker, https://www.appsbroker.com/
astadia, https://www.astadia.com/
auriemma, https://www.auriemma.group/
aurigaconsulting, https://www.aurigaconsulting.com/
avanade, https://www.avanade.com/en
avanceservices, https://www.avanceservices.com/
bain, https://www.bain.com/
bainbridgeconsulting, https://www.bainbridgeconsulting.com/
bakertilly, https://www.bakertilly.com/
bateswhite, https://www.bateswhite.com/
bdo, https://www.bdo.com/
blayzegroup, https://www.blayzegroup.com/
bluematterconsulting, https://bluematterconsulting.com/
boozallen, https://www.boozallen.com/
bcg, https://www.bcg.com/
bsienergyventures, https://bsienergyventures.com/
boxtwenty, https://www.boxtwenty.co.uk/
boxfusionconsulting, https://www.boxfusionconsulting.com/
bpi, https://bpi.eu.com/
bridgespan, https://www.bridgespan.org/
bts, https://www.bts.com/
bwbconsulting, https://www.bwbconsulting.com/
capgemini, https://www.capgemini.com/
capitalone, https://www.capitalone.com/
cssfundraising, https://ccsfundraising.com/
cellohealthbioconsulting, https://cellohealthbioconsulting.com/
censeoconsulting, https://www.censeoconsulting.com/
centricconsulting, https://centricconsulting.com/
crai, https://www.crai.com/
clancy, https://clancy.co.uk/
clearedgeconsulting, https://www.clearedgeconsulting.co.uk/
clearviewconsulting, https://www.clearviewconsulting.com/
cleolifesciences, https://www.cleolifesciences.com/
cobaltrecruitement, https://www.cobaltrecruitment.com/
cognizant, https://www.cognizant.com/
comsecglobal, https://comsecglobal.com/
concentra, https://www.concentra.co.uk/
consultingpoint, https://www.consultingpoint.com/
copehealthsolutions, https://copehealthsolutions.com/
cornerstone, https://www.cornerstone.com/
corporate value, https://www.corporate-value.com/
crowe, https://www.crowe.com/
css-cg, https://css-cg.com/
curtins, https://www.curtins.com/
dalberg, https://www.dalberg.com/
deallus, https://www.deallus.com/
dean, https://www.dean.com/
deloitte, https://www2.deloitte.com/
dhg, https://www.dhg.com/
dmt-group, https://www.dmt-group.com/
doctors-management, https://www.doctors-management.com/
eamesconsulting, https://www.eamesconsulting.com/
eastwoordandpartners, https://www.eastwoodandpartners.com/
eca-uk, https://www.eca-uk.com/
efficioconsulting, https://www.efficioconsulting.com/
egonzehnder, https://www.egonzehnder.com/
elementaconsulting, https://www.elementaconsulting.com/
elixirr, https://www.elixirr.com/
endeavormgmt, https://www.endeavormgmt.com/
enterey, https://www.enterey.com/
establishinc, https://www.establishinc.com/
eunomia, https://www.eunomia.co.uk/
everstgrp, https://www.everestgrp.com/
everis, https://www.everis.com/
ey, https://www.ey.com/en_gl/
fichtner, https://fichtner.co.uk/
flattconsulting, https://www.flattconsulting.com/
fletcherspaght, https://www.fletcherspaght.com/
flint-international, https://www.flint-international.com/
fminet, https://www.fminet.com/
fsg, https://www.fsg.org/
fticonsulting, https://www.fticonsulting.com/
ajg, https://www.ajg.com/us/
gallup, https://www.gallup.com/home.aspx
gartner, https://www.gartner.com/ngw/commonassets/code/xml/
gazellegc, https://www.gazellegc.com/
gehealthcare, https://www.gehealthcare.com/
gep, https://www.gep.com/
glg, https://glg.it/
grantthornton, https://www.grantthornton.com/
grm-consulting, https://www.grm-consulting.co.uk/
healthadvances, https://healthadvances.com/
healthdimensionsgroup, https://healthdimensionsgroup.com/
hiltonconsulting, https://hiltonconsulting.co.uk/
horvath-partners, https://www.horvath-partners.com/en/
huronconsultinggroup, https://www.huronconsultinggroup.com/
i-pharmconsulting, https://www.i-pharmconsulting.com/
ibm, https://www.ibm.com/uk-en/marketplace/
ibuconsulting, https://www.ibuconsulting.com/
infiniteglobal, https://infiniteglobal.com/
infinityworks, https://www.infinityworks.com/
infosys, https://www.infosys.com/
infuse, https://infuse.it/
innercircleconsulting, https://www.innercircleconsulting.co.uk/
innogyconsulting, https://www.innogyconsulting.com/share/
intellinet, https://www.intellinet.com/
iqvia, https://www.iqvia.com/
jabian, https://www.jabian.com/
jdxconsulting, https://www.jdxconsulting.com/
atkearney, https://www.atkearney.com/
klifesciences, https://www.klifesciences.com/
kirtanaconsulting, https://www.kirtanaconsulting.co.uk/
knowledgecapitalgroup, https://knowledgecapitalgroup.com/
kovaion, https://www.kovaion.com/
kpmg, https://home.kpmg/
lda-design, https://www.lda-design.co.uk/
lek, https://www.lek.com/
lexamed, https://lexamed.net/
lscconnect, https://lscconnect.com/
magenic, https://www.magenic.com/
marakon, https://www.marakon.com/
marsandco, https://www.marsandco.com/
mmc, https://www.mmc.com/
mcchrystalgroup, https://www.mcchrystalgroup.com/
mckinsey, https://www.mckinsey.com/
medcgroup, https://www.medcgroup.com/
mercer, https://www.mercer.com/
methodllp, https://www.methodllp.com/
bradbrookconsulting, https://www.bradbrookconsulting.com/
miebach, https://www.miebach.com/
mmgmc, https://mmgmc.com/
mlmgroup, https://www.mlmgroup.com/
mottmac, https://www.mottmac.com/
navigant, https://www.navigant.com/
neueda, https://www.neueda.com/
newtoneurope, https://www.newtoneurope.com/
nmg-group, https://nmg-group.com/
ndy, https://www.ndy.com/
novantas, https://www.novantas.com/
ocs-consulting, https://www.ocs-consulting.com/
occstrategy, https://www.occstrategy.com/
olivehorse, https://olivehorse.com/
oliverwyman, https://www.oliverwyman.com/
opusthree, https://opusthree.com/
oxera, https://www.oxera.com/
oxfordcorp, https://www.oxfordcorp.com/
paconsulting, https://www.paconsulting.com/
pmcretail, https://www.pmcretail.com/
pearlmeyer, https://www.pearlmeyer.com/
puralstrategy, https://www.pluralstrategy.com/
pointb, https://www.pointb.com/
portasconsulting, https://www.portasconsulting.com/
pragmauk, https://www.pragmauk.com/
prmaconsulting, https://www.prmaconsulting.com/
prophet, https://www.prophet.com/
protiviti, https://www.protiviti.com/US-en/
providge, https://providge.com/
ptsconsulting, https://www.ptsconsulting.com/
publicconsultinggroup, https://www.publicconsultinggroup.co.uk/
putassoc, https://www.putassoc.com/
pwc, https://www.pwc.com/us/en/
qa, https://www.qa.com/
red-badger, https://red-badger.com/
rhrinternationalconsultants, https://www.rhrinternationalconsultants.eu/
rise, https://rise.eu.com/
robertwest, https://www.robertwest.co.uk/
rsmus, https://rsmus.com/
rsp, https://rsp.net/contact/
russelreynolds, https://www.russellreynolds.com/
sia-partners, https://www.sia-partners.com/
slalom, https://www.slalom.com/
ssandco, https://www.ssaandco.com/
argentwm, https://argentwm.co.uk/
starlizard, https://www.starlizard.com/
sterlingassociates, https://www.sterlingassociates.com/
sternstewart, https://www.sternstewart.com/
londonstrategicconsulting, https://www.londonstrategicconsulting.com/
stroudinternational, https://www.stroudinternational.com/
syneoshealth, https://www.syneoshealth.com/
synpulse, https://www.synpulse.com/
syntegragroup, https://syntegragroup.com/
talan, https://uk.talan.com/
team-consulting, https://www.team-consulting.com/
teamwill-consulting, https://www.teamwill-consulting.fr/en/
tefen, https://www.tefen.com/
idoc, https://idoc.ai/
chartis, https://www.chartis.com/
eckrothplanning, https://www.eckrothplanning.com/
thoughtprovokingconsulting, https://thoughtprovokingconsulting.com/
transformconsultinggroup, https://transformconsultinggroup.com/
trinity-partners, https://www.trinity-partners.com/
ipeglobal, https://www.ipeglobal.com/uk/
turnkeyconsulting, https://www.turnkeyconsulting.com/
unboxed, https://unboxed.co/
vantagepartners, https://www.vantagepartners.com/
vivaldigroup, https://vivaldigroup.com/
vizientinc, https://www.vizientinc.com/
wellspringconsulting, https://www.wellspringconsulting.net/
